timestamp,sensor_id,temperatura,humedad,co2,presion,zona_critica,tipo_evento
2025-08-18 10:59:57,5,28.496714153011233,65.92340530667617,426.6288126866741,1007.5541681722518,0,normal
2025-08-18 11:01:04,5,27.879188769825564,59.86449482203012,431.7347385748532,1012.986019113728,0,normal
2025-08-18 11:01:55,5,28.68259335097526,60.945443733682865,421.8102155870371,1013.9928869939871,0,normal
2025-08-18 11:02:58,5,29.57538375302377,67.21479228206815,407.0316805204415,1016.560596154085,0,normal
2025-08-18 11:04:01,5,27.835645618681667,65.49259631438383,423.9968795175264,1018.3221627462735,0,normal
2025-08-18 11:04:55,5,27.853101817781493,64.42304999094196,413.4864310620817,1007.9396232326885,0,normal
2025-08-18 11:05:57,5,29.683884727993277,65.02530179919617,414.7138331825024,1008.7565699551586,0,normal
2025-08-18 11:07:02,5,28.889531808222625,66.00774511608502,425.8636401875509,1006.9696885643415,0,normal
2025-08-18 11:07:57,5,27.670038561553298,63.340720959071916,432.38283071433636,1011.0639205635721,0,normal
2025-08-18 11:08:56,5,28.699478235041656,62.62008582379306,420.21271576736063,1013.8654334977854,0,normal
2025-08-18 11:09:56,5,27.710893792682853,65.53753576529304,423.0883301259896,1015.9493380663564,0,normal
2025-08-18 11:11:00,5,27.72596175147019,62.00988166715491,437.0221494463524,1011.6961959054299,0,normal
2025-08-18 11:11:56,5,28.451019198101342,66.16475826714341,422.4075317948857,1010.7206099069806,0,normal
2025-08-18 11:12:59,5,26.313126182878015,59.82724918728648,446.01683114180395,1012.607031968995,0,normal
2025-08-18 11:14:04,5,26.518820854297264,68.01746691197694,425.65509645631545,1008.6594283934799,0,normal
2025-08-18 11:15:03,5,27.69876485519913,66.34279244723912,402.3923724084418,1020.3581548867791,0,normal
2025-08-18 11:16:04,5,33.265515081585704,45.688089202941626,507.53341621104533,1005.5693558915277,1,estres
2025-08-18 11:17:00,5,34.609866154854494,47.86307295183654,503.81158384882775,1012.7389623155829,1,estres
2025-08-18 11:17:59,5,33.40484485455925,49.90642333338772,512.8975275408275,1020.0944248769185,1,estres
2025-08-18 11:19:04,5,32.91779151038607,47.9481101950544,506.7318135126996,1012.02719937824,1,estres
2025-08-18 11:20:01,5,35.812945124255414,39.377377306005066,498.6154401601623,1011.239843859994,1,estres
2025-08-18 11:20:59,5,34.13869475049776,41.0562690997929,487.75701763710634,1010.5702183087583,1,estres
2025-08-18 11:21:59,5,34.44914619544102,43.01554426691296,497.90976742713974,1011.2784332729503,1,estres
2025-08-18 11:22:58,5,32.97398768262094,44.9632731506325,491.494795457907,1017.4913938987061,0,estres
2025-08-18 11:24:05,5,33.87144065711034,46.43297706140737,494.19476550195276,1003.152552354682,1,estres
2025-08-18 11:24:57,5,34.54380181758607,42.6977685605396,505.8857840442061,1018.1337348051853,1,estres
2025-08-18 11:26:01,5,33.298908531265425,45.430300293431245,516.699045043514,1006.3041713901994,1,estres
2025-08-18 11:26:55,5,34.84258874605749,42.59885120294003,503.94671529822983,1010.9333906830624,1,estres
2025-08-18 11:28:05,5,33.883205101280524,43.025446591024156,488.0411693796482,1010.2830223188054,1,estres
2025-08-18 11:28:56,5,34.20906625831561,40.63501670945533,504.4460266822014,1014.3542130790829,1,estres
2025-08-18 11:30:03,5,33.91593147797565,42.08030026166729,511.9663148664565,1005.607502592465,1,estres
2025-08-18 11:31:05,5,36.386754936665454,40.789946183150995,493.9021709568062,1013.8486906643278,1,estres
2025-08-18 11:32:04,5,34.53777748689606,41.91238024106801,498.6598283332708,1020.0972384931474,1,estres
2025-08-18 11:33:00,5,33.51031976045195,47.99592538982351,500.14688194729194,1006.5473039816287,1,estres
2025-08-18 11:34:04,5,35.40728832154866,41.98180333350417,492.1510168691776,1012.7588246704415,1,estres
2025-08-18 11:35:03,5,33.38056794903753,52.72214619451218,506.4828043384386,1009.3520712888136,1,estres
2025-08-18 11:35:59,5,34.82689758375464,46.299953702642654,498.79051851392217,1013.7035488247722,1,estres
2025-08-18 11:37:04,5,32.67493918893041,45.36950837108462,504.1953244390703,1012.076591109663,1,estres
2025-08-18 11:37:59,5,33.32295026001589,42.23492665945636,491.125078221979,1009.4340523638227,0,estres
2025-08-18 11:38:55,5,34.864474954336664,46.90592963822698,495.6254169967659,1013.9514891394844,1,estres
2025-08-18 11:40:03,5,35.42250686664675,43.073086521286676,507.2238135782777,1019.2173924391469,1,estres
2025-08-18 11:40:55,5,34.8717830437089,45.16102944393609,496.27166847908234,1011.2363848330908,1,estres
2025-08-18 11:42:05,5,34.60108761670236,52.470253614806396,517.269638512334,1014.8790317685928,1,estres
2025-08-18 11:43:05,5,34.4318987578593,44.496820300826045,496.003638143854,1006.8269081685154,1,estres
2025-08-18 11:44:04,5,33.2706911964644,48.22781997885703,502.2468472575189,1008.174254492728,1,estres
2025-08-18 11:45:00,5,34.04552265633547,42.66547072462234,509.3259083187309,1013.8896251115215,1,estres
2025-08-18 11:45:55,5,34.32082348601876,44.66503452850911,485.81634267066966,1017.9364641141439,1,estres
2025-08-18 11:46:55,5,35.854620364069405,50.07740190690653,482.39191188019225,1013.4224533951426,0,estres
2025-08-18 11:48:00,5,35.15709157572006,42.8790988266367,484.74343685429903,1010.7477678779073,1,estres
2025-08-18 11:48:58,5,33.066346329949745,50.192345673990786,512.6258410342718,1011.9971656216934,1,estres
2025-08-18 11:49:57,5,35.169320492876196,46.87325580636643,494.4814185410755,1006.9983690641211,1,estres
2025-08-18 11:51:01,5,34.47593991320028,43.057599672317195,525.5819928566825,1014.4180613054215,1,estres
2025-08-18 11:51:57,5,34.1998202932722,46.63722321716655,494.3575240134261,1015.5293322492936,1,estres
2025-08-18 11:53:05,5,35.504071915060486,47.65266334888018,501.84551303197037,1010.1916386686677,1,estres
2025-08-18 11:53:55,5,35.93898052197504,46.59542988665159,515.4210995256788,1010.119831408962,1,estres
2025-08-18 11:54:59,5,35.85477734558627,40.01432584032863,520.0609288815913,1013.0635129186082,1,estres
2025-08-18 11:56:04,5,34.09972560234914,42.53858847252539,520.6150357663639,1010.2531210558376,1,estres
2025-08-18 11:57:02,5,34.64510514466801,43.97244409334549,512.0836623059314,1011.7354695414967,1,estres
2025-08-18 11:58:04,5,35.30088267189623,44.48669971269986,510.2406252581146,1020.3988871566661,1,estres
2025-08-18 11:59:05,5,35.960392247329295,46.56701629265203,505.9252694920118,1011.011897197016,1,estres
2025-08-18 12:00:05,5,34.520825762154715,45.233103002799766,507.78361076166635,1010.5666393919151,1,estres
2025-08-18 12:01:01,5,34.82941774925759,40.68896692386969,494.48814283671464,1009.4098327774593,1,estres
2025-08-18 12:02:05,5,33.92374117581408,45.83059355301789,491.8180111657769,1014.9767678859997,1,estres
2025-08-18 12:03:04,5,33.84879050535123,46.51675723585147,499.9662554258905,1011.2751033071276,1,estres
2025-08-18 12:04:05,5,35.87236435086061,46.35937134379313,498.2981537747507,1009.4025078467143,1,estres
2025-08-18 12:05:02,5,36.43083924526447,47.917342176663865,495.46771950672724,1017.2852161290921,1,estres
2025-08-18 12:06:03,5,35.01726794844972,47.17176646364672,506.96387447456715,1017.6784120180546,1,estres
2025-08-18 12:07:01,5,36.107406868516144,46.042540237685316,509.55305208570513,1009.5983057370452,1,estres
2025-08-18 12:08:03,5,35.48002183198913,44.449502865624055,500.88406886291847,1004.5338401945576,1,estres
2025-08-18 12:09:02,5,34.48769271924454,39.67211719945203,514.7753008105526,1016.0300547593476,1,estres
2025-08-18 12:09:55,5,35.50854847821051,45.93885465739777,488.58310885866496,1009.26148069696,1,estres
2025-08-18 12:11:00,5,36.69944247788785,45.26806306148933,498.0634054072028,1015.1625023966511,1,estres
2025-08-18 12:11:58,5,35.13974446547499,45.45473651158612,492.8317767939719,1004.1195847291526,1,estres
2025-08-18 12:13:04,5,36.75428922931669,40.80475427253907,481.3346338292694,1015.5703893531972,1,estres
2025-08-18 12:14:05,5,32.583884942214354,41.386830378775215,499.173193141573,1007.1553122828768,0,estres
2025-08-18 12:14:55,5,36.03942536239266,47.78445855999871,498.7825249161672,1014.9230564762661,1,estres
2025-08-18 12:15:56,5,35.31837001888949,44.501334538430044,515.1344974324213,1012.0570922713457,1,estres
2025-08-18 12:16:56,5,34.94602192280937,46.65950209211786,506.3081168455478,1008.1842423224134,1,estres
2025-08-18 12:17:56,5,35.35040155863518,44.69495512839137,489.75813175670794,1010.3718547482929,1,estres
2025-08-18 12:19:02,5,33.284587525954635,44.69426841848724,518.5409256633419,1014.7452738278268,1,estres
2025-08-18 12:20:02,5,35.065903331535566,47.41485141792799,512.2103369552535,1012.423577812461,1,estres
2025-08-18 12:20:58,5,35.65600866817211,43.04686581534788,505.82097703468617,1014.3376519218899,1,estres
2025-08-18 12:21:58,5,36.79001210272253,44.87836233082295,497.7351590115017,1019.9057623380619,1,estres
2025-08-18 12:23:05,5,34.80696987815783,43.19817413388487,490.4056076327652,1005.7430335531558,1,estres
2025-08-18 12:24:05,5,34.52976760982453,43.276511317703054,496.2779322392895,1018.4688502998745,1,estres
2025-08-18 12:24:59,5,34.84942337164678,43.64748362959408,510.8874861970419,1012.4174237500929,1,estres
2025-08-18 12:26:00,5,36.279398837827074,45.23640131490113,518.8458630593461,1008.4048638067075,1,estres
2025-08-18 12:26:56,5,35.70546026104719,43.128754135009565,515.4324352827218,1006.678745497044,1,estres
2025-08-18 12:28:03,5,34.85955653715095,48.32726837672057,495.1115057821373,1011.2435184368919,1,estres
2025-08-18 12:29:01,5,29.915085961713057,61.87117809334149,408.8038256671099,1015.6866004476979,0,normal
2025-08-18 12:30:01,5,29.511291111721135,63.989385067515926,421.408862469112,1011.4898035184899,0,normal
2025-08-18 12:31:02,5,30.395145888841252,63.22580682517748,402.3156063443715,1018.0446197209894,0,normal
2025-08-18 12:31:59,5,28.73662650679995,68.8809336530612,423.2316771418478,1006.1952972397937,0,normal
2025-08-18 12:33:00,5,29.12308659542681,65.12466432953472,418.52397413701334,1011.9516442086158,0,normal
2025-08-18 12:34:05,5,29.070599250106184,67.62553361840591,415.3396349813176,1006.9904262223475,0,normal
2025-08-18 12:35:04,5,28.01103972548813,60.06831888088908,404.05296932733205,1013.4545275304998,0,normal
2025-08-18 12:36:03,5,29.782409928019366,65.32115079760777,425.13600106569714,1015.5475495603893,0,normal
2025-08-18 12:37:02,5,29.758966713757893,67.18389238687031,414.67299160338086,1010.3169528252757,0,normal
2025-08-18 12:38:04,5,29.514532617088005,64.75685196782628,408.3008316428971,1001.5831445734915,0,normal
2025-08-18 12:39:02,5,29.286224797824914,67.70144112519606,391.27737786718353,1012.7957925871859,0,normal
2025-08-18 12:40:04,5,28.116718144187544,62.948134649698886,419.72485094949366,1013.746954206934,0,normal
2025-08-18 12:40:59,5,29.12260384401008,68.72304232055674,437.7225159666974,1013.6171790198468,0,normal
2025-08-18 12:41:57,5,29.21157740638717,71.38669437085774,436.6125921454787,1016.9431287672886,0,normal
2025-08-18 12:43:01,5,28.762939044483208,63.396484318681026,415.4290374341373,1007.7157852814038,0,normal
2025-08-18 12:44:03,5,29.414735795547433,63.14349243579768,413.9778793963822,1014.7208644218018,0,normal
2025-08-18 12:45:02,5,29.99075753739701,68.83515343135309,424.6877425607502,1016.770030049912,0,normal
2025-08-18 12:46:05,5,31.483456921305116,69.20871643719214,410.0161456081171,1004.8856496639739,0,normal
2025-08-18 12:47:05,5,29.782291534066275,62.8964199185402,423.01791899819466,1013.2786073036759,0,normal
2025-08-18 12:48:01,5,29.875584379472656,63.19943954871243,427.6608027838469,1009.9832806759694,0,normal
2025-08-18 12:48:56,5,29.553785120946472,63.60964617341848,432.26933223884305,1011.6739093075934,0,normal
2025-08-18 12:50:02,5,27.71953287327894,60.41664846689717,418.99845923520047,1013.3907059341534,0,normal
2025-08-18 12:50:56,5,29.621738501794812,61.689044160547404,417.96326249823034,1010.0510857435457,0,normal
2025-08-18 12:52:00,5,29.718305355051108,61.42757769974379,411.2201741324344,1009.2971676833536,0,normal
2025-08-18 12:53:04,5,32.13101375661962,62.13160730468762,411.7311964596014,1012.1366096699521,0,normal
2025-08-18 12:53:56,5,29.484980171109726,64.32594533783967,417.73521108098475,1007.6510162445488,0,normal
2025-08-18 12:55:02,5,29.988330233959385,65.12764419760956,423.6736550681618,1007.6566994844593,0,normal
2025-08-18 12:56:04,5,29.661384422607608,69.07150147844223,429.1358462623325,1014.717493131826,0,normal
2025-08-18 12:57:01,5,28.536602291088652,61.419937877783624,411.9682104931966,1007.4048238593654,0,normal
2025-08-18 12:58:05,5,30.857157415919247,67.36296719542975,434.9268856895952,1014.6652500036369,0,normal
2025-08-18 12:59:00,5,30.475191353569826,63.76303346732348,417.2887639895743,1013.8503651714158,0,normal
2025-08-18 13:00:02,5,30.523082754611924,64.2516088710427,419.78632705651563,1005.0967730848377,0,normal
2025-08-18 13:01:03,5,28.83132393708506,66.41945847649981,412.52788320852176,1009.2897413906574,0,normal
2025-08-18 13:02:05,5,31.15203372521489,61.021833935313104,395.75759739727056,1016.7764376121895,0,normal
2025-08-18 13:02:59,5,28.355783162531647,65.53222923855216,428.8404539636105,1008.0753378754413,0,normal
2025-08-18 13:03:55,5,30.35275227951812,64.87935662463916,427.36843897092433,1010.1423829507625,0,normal
2025-08-18 13:04:56,5,31.96447729216642,65.85235379202445,417.18672442881785,1013.8482435730076,0,normal
2025-08-18 13:05:55,5,28.79147672324605,65.23750593172346,420.6699071722487,1015.1335620371303,0,normal
2025-08-18 13:07:00,5,29.223570993601278,71.73090041973268,425.159392177041,1010.993844455822,0,normal
2025-08-18 13:08:01,5,29.897239457685977,62.44678004724605,404.37454143113456,1009.6099592212335,0,normal
2025-08-18 13:09:05,5,29.301694914583525,62.76200913499454,414.70947322653706,1017.689479446794,0,normal
2025-08-18 13:10:02,5,28.261952143007164,62.480578420725706,427.9426467962183,1018.9555986551903,0,normal
2025-08-18 13:11:05,5,29.888485516559115,62.67856864251924,407.4571057683075,1015.9154322031272,0,normal
2025-08-18 13:12:04,5,28.764787201559095,62.42783861808045,422.9355793216663,1012.3412725702601,0,normal
2025-08-18 13:12:56,5,30.307712579405433,67.90204959332264,406.434181953766,1008.7669371134363,0,normal
2025-08-18 13:13:59,5,28.921585472671076,68.59151274396956,424.6642998243353,1008.6782223737738,0,normal
2025-08-18 13:14:56,5,31.39769347004011,62.61276111875157,419.64358517702516,1014.0900564210631,0,normal
2025-08-18 13:16:02,5,29.071114416797336,61.822933280687316,403.8486818409449,1013.6735928835548,0,normal
2025-08-18 13:16:56,5,29.538773619758373,65.72924666915921,431.64739354457174,1017.6063943717858,0,normal
2025-08-18 13:17:56,5,30.68067807036407,62.65333086715709,412.6540842320195,1014.6018003701446,0,normal
2025-08-18 13:19:00,5,28.64248006206284,66.20379545326654,411.8974756298562,1005.9876787929608,0,normal
2025-08-18 13:20:00,5,30.10684517617595,64.9087690625539,422.0056919723094,1016.2077904708917,0,normal
2025-08-18 13:21:02,5,31.192425736466785,59.7477676550083,431.48637349428714,1008.0077574907424,0,normal
2025-08-18 13:22:03,5,28.283553916637405,68.9325156039902,409.84178181021605,1010.4641149121906,0,normal
2025-08-18 13:23:05,5,30.081281168944702,69.67263301928656,420.61679849847974,1013.0008008250068,0,normal
2025-08-18 13:24:02,5,30.16199582683873,62.44163392854684,424.2881650033057,1019.9826699591358,0,normal
2025-08-18 13:24:57,5,30.689256773273765,63.11189532019205,426.93105607263146,1024.4396742240215,0,normal
2025-08-18 13:26:02,5,28.675658801047987,65.1275961721747,421.7644155527723,1014.4268922365447,0,normal
2025-08-18 13:26:55,5,28.59718285665211,65.26837036996108,416.32972160916677,1011.2672135251184,0,normal
2025-08-18 13:28:00,5,30.444464957493537,66.2356328180185,411.7240977935128,1014.1380225939222,0,normal
2025-08-18 13:28:59,5,30.224245579650432,70.28561361629905,420.8614388304637,1015.5506217034954,0,normal
2025-08-18 13:29:56,5,30.18234450292401,63.71915831751785,409.2786098801439,1010.7173294977713,0,normal
2025-08-18 13:30:57,5,30.282743490253193,61.85010826638464,390.7864951650539,1019.1808454236493,0,normal
2025-08-18 13:32:02,5,29.2605667309735,60.10204231595642,424.3655980415767,1012.9202830367656,0,normal
2025-08-18 13:33:01,5,30.176993537956356,62.04220988017424,429.039348410862,1013.9909723563655,0,normal
2025-08-18 13:34:00,5,30.241812602869153,64.13061908137861,396.37067564458164,1014.6636970082178,0,normal
2025-08-18 13:34:57,5,29.238240596213497,69.60867359055335,409.9026929529006,1013.6863464424579,0,normal
2025-08-18 13:36:02,5,31.822069712612368,62.667166102891485,426.19154261005195,1015.3557620018785,0,normal
2025-08-18 13:37:02,5,30.43368233015345,64.8863638549167,440.574954697117,1009.5309872538123,0,normal
2025-08-18 13:38:03,5,28.771950869692677,64.16073131178173,420.2079370767541,1009.7667929842158,0,normal
2025-08-18 13:38:58,5,30.62306342376174,67.77017982034425,412.71997058770864,1007.5993830681132,0,normal
2025-08-18 13:39:57,5,28.99493383579709,71.78079727762086,418.1710355889516,1013.758004922481,0,normal
2025-08-18 13:41:00,5,30.759655806816916,62.602393681239036,433.7487641914818,1015.1157460140485,0,normal
2025-08-18 13:41:55,5,31.13397226019768,62.72168167244533,413.54035820875464,1013.8310914646075,0,normal
2025-08-18 13:42:55,5,29.157349408372124,67.31748263120721,412.00807993349747,1018.6979697333901,0,normal
2025-08-18 13:44:00,5,30.943912266727462,66.22567446887894,415.17256477817966,1011.9776159246838,0,normal
2025-08-18 13:44:58,5,30.39567064968412,69.7151219772081,410.4667139174129,1014.6749666223701,0,normal
2025-08-18 13:46:02,5,30.807152463277134,65.9217845559779,421.22670315994793,1007.6331964954427,0,normal
2025-08-18 13:46:57,5,31.883936694007122,63.08712372763882,436.2467845846956,1010.4516011901025,0,normal
2025-08-18 13:47:58,5,29.743655674733674,65.93196449207693,423.2307927311603,1014.7821510302631,0,normal
2025-08-18 13:48:55,5,29.237056232376865,67.48111074174872,417.4764649787371,1015.3964084429725,0,normal
2025-08-18 13:50:04,5,29.102874966557966,66.6114465435921,417.08188731084454,1010.8241322093432,0,normal
2025-08-18 13:51:03,5,29.17802438250082,65.66682209332188,404.3680919130334,1011.7136029925678,0,normal
2025-08-18 13:52:01,5,29.918026391105542,67.34002406876746,428.8310977714716,1005.9285050132768,0,normal
2025-08-18 13:53:02,5,30.33742157166038,67.64288677133702,419.22162802987197,1010.5718831967736,0,normal
2025-08-18 13:53:59,5,30.273949868839168,68.27647697311258,418.19520086409375,1015.5615326540792,0,normal
2025-08-18 13:55:02,5,30.82527969219974,66.07112966276893,451.9310756784486,1014.3008200644263,0,normal
2025-08-18 13:56:05,5,30.011783545916096,63.618645759049436,422.98752908365685,1014.0026628855248,0,normal
2025-08-18 13:56:59,5,31.45284872710843,64.55514105929997,412.48208949904813,1012.1990947487238,0,normal
2025-08-18 13:58:02,5,29.735038557074827,67.72952689952507,415.7364240379446,1012.0282526345127,0,normal
2025-08-18 13:58:57,5,32.72009301271796,61.654192987038286,431.48445709196756,1009.3587154421062,0,normal
2025-08-18 13:59:57,5,30.625667347765006,65.2060199266187,421.1327041053776,1014.7953136808102,0,normal
2025-08-18 14:00:57,5,29.14276628971206,62.91498356301792,405.61722021682635,1013.6838917775575,0,normal
2025-08-18 14:01:57,5,28.92880289225167,64.17623446880445,429.19228934575204,1013.9680753919712,0,normal
2025-08-18 14:02:59,5,30.4817870651943,67.92035558782189,413.31855914461005,1009.8958606293297,0,normal
2025-08-18 14:04:01,5,29.77531886871234,64.65329720405971,438.73297776217544,1003.386628320515,0,normal
2025-08-18 14:04:57,5,30.712096937255804,64.21430964446844,430.80048065714647,1016.3886108470148,0,normal
2025-08-18 14:06:04,5,30.470496694082694,59.99043157706024,415.5267810434125,1010.0846501759664,0,normal
2025-08-18 14:07:04,5,29.92344068418686,66.30376069808166,432.8101636173511,1008.5488969438276,0,normal
2025-08-18 14:08:00,5,29.148334382451242,65.99645254342323,420.67855510527403,1014.7739156476559,0,normal
2025-08-18 14:09:03,5,28.47898744278039,70.54476416991639,428.5277367512222,1010.4319494403235,0,normal
2025-08-18 14:09:57,5,29.54587444411647,63.126665295140995,424.84732817294474,1016.2397455361864,0,normal
2025-08-18 14:11:00,5,30.847191191057828,64.70245098299182,411.53643345009124,1014.4680237983068,0,normal
2025-08-18 14:12:01,5,30.203137534866748,64.78815105113227,413.5645016768254,1014.734277292802,0,normal
2025-08-18 14:12:58,5,28.741404932641185,68.76735983929042,430.2996081758116,1006.5361771551978,0,normal
2025-08-18 14:14:05,5,30.158273229133826,63.74411340283915,416.6522466789346,1016.8477759415456,0,normal
2025-08-18 14:15:03,5,30.368207102476457,64.86206457731102,415.96351536758004,1013.0450021249354,0,normal
2025-08-18 14:15:57,5,29.09667870128201,65.84368952914961,410.44877420650647,1010.5228914430152,0,normal
2025-08-18 14:16:57,5,30.131756832669364,64.57482736946908,424.2359906559346,1012.573553869369,0,normal
2025-08-18 14:17:56,5,30.033585399636276,62.67069915634841,440.62524919243145,1004.8950590684067,0,normal
2025-08-18 14:18:59,5,28.82960090524384,64.58726997869492,409.32467085745725,1013.6346112459227,0,normal
2025-08-18 14:19:55,5,30.327402866372697,67.22089524957931,420.24219456672756,1007.8825139672717,0,normal
2025-08-18 14:20:55,5,30.527294341496145,60.91545410176682,434.1222055541543,1006.5893188566258,0,normal
2025-08-18 14:22:05,5,31.046305610070604,64.38890902244063,419.2035860875429,1005.9105632551284,0,normal
2025-08-18 14:23:05,5,31.013651461276563,61.88463755518248,424.52371796249736,1016.4507534999597,0,normal
2025-08-18 14:23:57,5,28.57862583351052,67.56513988677453,409.3760647185312,1009.4829464252289,0,normal
2025-08-18 14:24:59,5,29.014766974324743,59.405439285648676,424.2830709720765,1018.134910839666,0,normal
2025-08-18 14:25:57,5,30.46377539677913,62.29323445818523,418.1285573499545,1009.8567941477908,0,normal
2025-08-18 14:26:57,5,30.45852579170756,65.09663562519357,429.8572999567986,1005.1705681696283,0,normal
2025-08-18 14:28:02,5,30.45563913885804,68.65657208770301,431.8738605156475,1007.5339022402054,0,normal
2025-08-18 14:29:00,5,33.78902677141093,63.757749216781036,445.8956364201861,1016.9432464800277,0,normal
2025-08-18 14:30:04,5,30.502742163271304,62.28440141992041,425.79633173213574,1011.3764072882533,0,normal
2025-08-18 14:31:02,5,31.062826546597844,69.58847120832176,423.25796316582165,1009.8068508140376,0,normal
2025-08-18 14:32:03,5,30.87652515536984,59.59595829875126,421.9438430157734,1012.6400729034111,0,normal
2025-08-18 14:32:56,5,30.569030721042186,57.338582130139756,416.46833707189313,1014.0071309446702,0,normal
2025-08-18 14:34:01,5,29.597340267285727,65.25004335016,423.38483843461694,1016.4695952636098,0,normal
2025-08-18 14:34:59,5,30.66640312198972,62.41883732694216,417.04598589860973,1017.7939969195717,0,normal
2025-08-18 14:36:05,5,29.129287818052735,60.85630154860786,421.68460976269614,1010.5609254168437,0,normal
2025-08-18 14:36:59,5,29.65982870367239,66.04006934189806,433.1759753560796,1006.6958092556719,0,normal
2025-08-18 14:38:04,5,29.405673603369532,64.64140214131359,409.9345743472036,1010.3461393555069,0,normal
2025-08-18 14:39:01,5,29.96715712157068,62.212764107789816,431.39878561129046,1013.0411220263315,0,normal
2025-08-18 14:40:00,5,32.194043808245326,60.05908680398731,433.17115067339864,1008.1449642951576,0,normal
2025-08-18 14:41:05,5,28.006079185905048,66.51237198484043,418.8193147300892,1008.1713963404198,0,normal
2025-08-18 14:42:01,5,30.553421043368918,65.84060353387598,398.78145100991406,1013.3751515261995,0,normal
2025-08-18 14:43:00,5,28.248119264774395,63.587472408661846,413.92178012905566,1011.8053905937182,0,normal
2025-08-18 14:44:05,5,29.38243584334414,69.41991098814299,432.9699454656111,1012.1311879816463,0,normal
2025-08-18 14:45:03,5,30.936709661989937,60.664745701021545,419.7713193770112,1008.9660186611998,0,normal
2025-08-18 14:46:01,5,29.905289726000344,59.293424487225785,410.0069776770509,1011.078397143177,0,normal
2025-08-18 14:46:55,5,28.756375370840942,61.78927579035627,414.95225078771784,1008.3030674229268,0,normal
2025-08-18 14:47:56,5,29.111787206025234,63.72324195093351,428.4062002650455,1015.5607936444992,0,normal
2025-08-18 14:48:58,5,30.499520290687762,64.58501834796807,425.4673356820138,1016.140997338895,0,normal
2025-08-18 14:50:01,5,29.082248942356166,63.12629182643101,417.61067900830307,1004.6152485510477,0,normal
2025-08-18 14:51:02,5,30.021629158281698,64.90116618954289,416.3317558818531,1008.2819565592304,0,normal
2025-08-18 14:52:00,5,29.84315993250215,60.08538172742867,416.08241850956176,1006.0138829796397,0,normal
2025-08-18 14:53:01,5,29.138268375598233,68.16629381221978,410.775898155015,1009.3999042623724,0,normal
2025-08-18 14:53:55,5,31.925957137702063,63.58354646482229,436.1537568946944,1011.6662481208385,0,normal
2025-08-18 14:55:02,5,30.407940688674454,67.17688749476439,416.7767953078866,1006.2014191212058,0,normal
2025-08-18 14:55:58,5,27.740752599060247,64.84817603913311,432.17158520825495,1008.3125607474988,0,normal
2025-08-18 14:56:58,5,29.944088540093357,65.18525965746134,435.2131605192245,1007.984170511674,0,normal
2025-08-18 14:58:04,5,29.087452949510403,65.51930184069661,429.98310898147963,1012.8290693175958,0,normal
2025-08-18 14:58:55,5,30.593144726676023,65.14812568005195,415.6837968728195,1012.277377348145,0,normal
2025-08-18 14:59:57,5,28.93953006913618,65.72816827960263,424.0373009033661,1009.113049786651,0,normal
2025-08-18 15:00:56,5,29.608521879416152,67.7824575903973,419.7580439360908,1012.7072834885576,0,normal
2025-08-18 15:02:05,5,30.219321880384683,64.37956350910441,410.96298139269874,1009.813279661651,0,normal
2025-08-18 15:03:04,5,30.571035522878304,65.91201127276554,423.24359281721604,1010.9133795586957,0,normal
2025-08-18 15:04:05,5,28.495799785257073,63.51079291713832,408.209602088402,1018.6938083611941,0,normal
2025-08-18 15:05:04,5,29.35228165578482,68.09535164634842,431.8767938846156,1017.3618442071614,0,normal
2025-08-18 15:06:04,5,29.202395824729894,61.74082309382219,415.35382702701605,1006.8016750522896,0,normal
2025-08-18 15:06:56,5,29.014442411560626,69.16782129873245,422.0115965587284,1015.3189296715167,0,normal
2025-08-18 15:08:00,5,31.42352938539118,63.63952614806697,422.83287871546145,1015.2455862179663,0,normal
2025-08-18 15:09:01,5,30.053234088204988,59.46267469364586,417.4109502629592,1007.4069468449895,0,normal
2025-08-18 15:10:05,5,28.37742013424294,64.13431324473237,425.86693801475275,1015.2751105750194,0,normal
2025-08-18 15:11:04,5,30.546092983767412,61.70184502757535,415.25096343377476,1018.1517276736502,0,normal
2025-08-18 15:12:03,5,31.74019018576253,66.26193064696616,428.71297297457244,1007.5098207750224,0,normal
2025-08-18 15:13:03,5,30.64017898178558,61.77712806209283,406.5402031975325,1008.3299887159429,0,normal
2025-08-18 15:13:59,5,28.077901054140572,62.39144970035566,421.2637957954641,1016.070645867374,0,normal
2025-08-18 15:15:01,5,29.10247260771622,58.05637780716341,439.3892899905828,1013.0859812433026,0,normal
2025-08-18 15:16:00,5,30.842932656400066,62.363081042252766,409.99668675394423,1014.2059051009581,0,normal
2025-08-18 15:17:00,5,28.857546848086045,56.443362020113135,413.2225502947515,1013.362356865602,0,normal
2025-08-18 15:18:00,5,29.99811135106017,58.958291529542834,425.13907849658915,1013.5627836837126,0,normal
2025-08-18 15:19:01,5,30.317883220204777,65.98624396843289,421.795817819396,1006.6941114867557,0,normal
2025-08-18 15:19:56,5,28.605158414659876,66.0574004759525,423.5063009927356,1016.1892708264858,0,normal
2025-08-18 15:21:04,5,29.46128657513826,64.9713726853549,424.8918713014766,1016.6783599697111,0,normal
2025-08-18 15:21:55,5,26.26815182037647,60.78907157061236,426.3472146856177,1011.0824370237278,0,normal
2025-08-18 15:23:03,5,28.473523800243715,63.541865931574065,431.0969984195622,1011.8260922007446,0,normal
2025-08-18 15:23:58,5,29.23372149956163,63.66919238272829,424.09818656928513,1005.8755699897771,0,normal
2025-08-18 15:25:04,5,28.2267714916554,60.19990593242237,417.58742345381455,1014.0570190240713,0,normal
2025-08-18 15:25:58,5,31.095118707169977,68.18019490530145,426.7257370120273,1014.2882297668566,0,normal
2025-08-18 15:26:56,5,28.02060736406394,66.29708687172702,438.99881934895217,1011.7512359320027,0,normal
2025-08-18 15:27:57,5,28.99863511398032,62.997107478511,418.6736625361743,1016.497413439482,0,normal
2025-08-18 15:29:01,5,29.557241475594452,63.73565751698359,410.2547069532936,1010.6636910760802,0,normal
2025-08-18 15:30:04,5,30.85548685143921,64.27514842384267,431.0708066928697,1014.2584237035744,0,normal
2025-08-18 15:30:55,5,27.965956377420262,57.51979539472713,418.79618836046404,1007.9213426452316,0,normal
2025-08-18 15:31:57,5,30.552480493072952,62.898467852438216,398.2733045398596,1011.905791396503,0,normal
2025-08-18 15:33:01,5,29.386942212407096,61.5890472560066,428.4742167715042,1011.3025829683886,0,normal
2025-08-18 15:34:00,5,28.38248806907705,60.62513997031525,414.6467181404608,1012.9012316881638,0,normal
2025-08-18 15:35:05,5,29.813283889494592,62.78169912134213,419.0946671769584,1010.5218922846666,0,normal
2025-08-18 15:36:00,5,29.53732090829119,69.01305958054857,423.31980330569013,1011.4741096173133,0,normal
2025-08-18 15:37:00,5,28.725023219272682,65.53752858380102,421.90499679779066,1015.304188685766,0,normal
2025-08-18 15:37:57,5,29.381920142971033,61.89646303065161,427.0945181713904,1010.2529430510472,0,normal
2025-08-18 15:39:04,5,28.913582499798608,65.32274834406849,415.64513629430155,1005.5736915970452,0,normal
2025-08-18 15:40:03,5,29.39909256462433,67.798066309758,425.1310579817608,1018.9983356168217,0,normal
2025-08-18 15:40:59,5,29.93428711507657,66.36890104873831,417.40453322416084,1017.525816314762,0,normal
2025-08-18 15:41:55,5,30.84465759824503,63.76889110976053,427.388104808875,1006.8309492195775,0,normal
2025-08-18 15:43:03,5,28.00721377444839,61.64418966688328,426.1536748401305,1014.7588312209808,0,normal
2025-08-18 15:43:58,5,31.364356325307586,65.67466994084077,410.6456129795541,1009.9881009177947,0,normal
2025-08-18 15:45:00,5,27.265435058494937,64.75545615626525,430.85982116175035,1013.0539488613242,0,normal
2025-08-18 15:46:05,5,29.05184495126851,66.25557966008319,414.6403655488595,1013.176896516054,0,normal
2025-08-18 15:46:56,5,29.77796277998726,65.4705154050459,428.08057798281146,1011.0623687987347,0,normal
2025-08-18 15:47:55,5,29.45656237231998,66.70865814595801,423.6728731340134,1008.8649373376544,0,normal
2025-08-18 15:48:59,5,28.538706391601288,61.949294365318295,438.3818367679512,1009.237835790735,0,normal
2025-08-18 15:50:05,5,28.93903062234482,67.50218219690298,417.7653401762815,1008.335232338075,0,normal
2025-08-18 15:51:02,5,28.63981153919083,64.1377988140772,416.506832038818,1008.6727111670782,0,normal
2025-08-18 15:52:00,5,28.529021049997283,69.7657826178758,419.8058039411227,1011.7312868398026,0,normal
2025-08-18 15:53:03,5,29.953476067645145,61.467436545731296,416.96820217165725,1009.136960043557,0,normal
2025-08-18 15:53:58,5,29.4462935559951,68.73789140949575,427.9994190194205,1014.7282082628504,0,normal
2025-08-18 15:54:56,5,28.381689621432994,64.11873235038794,403.8368939156341,1017.9489846213437,0,normal
2025-08-18 15:56:00,5,29.95943840389966,61.56574598915666,409.46317580853645,1009.6797870345198,0,normal
2025-08-18 15:57:04,5,29.352296650308507,62.063342497837034,409.3219707842081,1012.9576180021415,0,normal
2025-08-18 15:58:00,5,29.84293826865907,62.54895807541704,429.50307591973575,1013.9987404412117,0,normal
2025-08-18 15:59:00,5,29.644705567845023,64.77749783920575,437.10613372581923,1013.888009083677,0,normal
2025-08-18 15:59:55,5,28.17100498907793,65.0685064641065,418.95550781462526,1012.3038210716644,0,normal
2025-08-18 16:01:00,5,28.424666080009963,61.77389998818426,418.3117827680999,1014.9707296734389,0,normal
2025-08-18 16:01:58,5,29.716912845615933,63.41693622321706,420.70052163113183,1013.9289958107227,0,normal
2025-08-18 16:02:57,5,29.56468778595268,69.91181107583559,431.6187830260819,1007.0493503106908,0,normal
2025-08-18 16:04:00,5,28.918041531607635,68.66262951030214,410.72646865809423,1015.4766242575571,0,normal
2025-08-18 16:04:57,5,29.040824609778852,64.7839710090221,422.38368982734784,1015.5491633490669,0,normal
2025-08-18 16:06:02,5,30.18564589526752,63.584010434504606,429.7519762978243,1008.9468555832857,0,normal
2025-08-18 16:07:02,5,28.300824237383786,63.82509398015479,425.0109416993985,1012.1517513417904,0,normal
2025-08-18 16:07:55,5,29.42383967474819,65.30055391819124,421.8958161659874,1014.7333159712442,0,normal
2025-08-18 16:08:59,5,28.658829541182698,60.38662230440478,430.0104609256714,1011.1627447216825,0,normal
2025-08-18 16:10:05,5,28.62755532025418,62.67787038772997,392.96767707000765,1016.2919121910641,0,normal
2025-08-18 16:10:55,5,29.92816333729967,58.43924777836723,426.7787531953091,1021.4554899784774,0,normal
2025-08-18 16:11:57,5,29.63888963513963,64.63766936781583,413.4592431687258,1008.8560558694601,0,normal
2025-08-18 16:13:00,5,29.61100777385113,65.37658781910822,401.69367103143543,1006.4758215873849,0,normal
2025-08-18 16:14:03,5,30.08694106413288,61.98044061310188,425.1120259952498,1013.2152743824195,0,normal
2025-08-18 16:15:04,5,28.786370706362938,68.1469602898701,433.7365854516296,1014.8862500205046,0,normal
2025-08-18 16:15:58,5,29.43116615812679,59.742703010992976,418.6255148537231,1011.0765345046209,0,normal
2025-08-18 16:17:02,5,28.42273569685514,59.02187535937054,429.52874547202936,1017.8130426532841,0,normal
2025-08-18 16:18:05,5,29.040902251579045,64.08335545567991,436.12278257988646,1006.645576801107,0,normal
2025-08-18 16:19:05,5,28.57027170815125,66.54629490783647,433.1491445358405,1014.7716744921264,0,normal
2025-08-18 16:20:04,5,28.781036251644057,68.45178307437361,436.39964529371395,1009.5765567169644,0,normal
2025-08-18 16:20:55,5,29.262770743904458,62.018347211393184,427.4212749107189,1018.8775116248291,0,normal
2025-08-18 16:21:57,5,27.83291562568084,66.62604250029389,420.7543363890159,1019.9700614126725,0,normal
2025-08-18 16:23:03,5,30.726996588495645,63.269474591497875,403.9803418810283,1008.9333736488666,0,normal
2025-08-18 16:23:55,5,27.612016607250194,62.86211810017755,417.5393751187005,1009.8017714563657,0,normal
2025-08-18 16:24:57,5,27.387222986220813,66.02597981246002,411.5675340468381,1015.4383515479192,0,normal
2025-08-18 16:25:58,5,29.74285428294554,65.32696863524026,441.70942717497815,1010.4514774008419,0,normal
2025-08-18 16:26:57,5,29.359693383370782,58.63582352904725,418.24114187567665,1011.818355128271,0,normal
2025-08-18 16:28:04,5,29.175394528686155,67.78962104917768,421.23204806784486,1012.1015536821697,0,normal
2025-08-18 16:28:57,5,29.162822261420793,67.49527406244236,425.51485376040466,1004.3213073752094,0,normal
2025-08-18 16:29:55,5,28.50539131735813,61.47331189547141,420.43602446372455,1011.9446490156231,0,normal
2025-08-18 16:31:00,5,27.60350563662305,64.53241060031223,436.9505104043075,1009.2410889037433,0,normal
2025-08-18 16:31:56,5,28.55964834939306,64.82209055884822,413.77350638265546,1010.0275087104009,0,normal
2025-08-18 16:33:04,5,27.789729016199697,64.11702129747171,421.9460745523724,1017.7745280138753,0,normal
2025-08-18 16:34:00,5,29.425021842105483,61.67908453846374,412.5752941430195,1006.973972422883,0,normal
2025-08-18 16:34:59,5,28.285821846374066,61.31012989618585,406.7997748877929,1015.2528207469919,0,normal
2025-08-18 16:35:57,5,27.590326184843008,63.24333778702566,413.88230909094716,1010.8841482786728,0,normal
2025-08-18 16:36:59,5,28.077350027181403,66.83318705777809,419.6296320295159,1010.8809593260166,0,normal
2025-08-18 16:38:01,5,28.794549445028714,64.9408004637833,415.7069777548274,1015.1614875842068,0,normal
2025-08-18 16:38:59,5,27.80074649818032,62.19315700374168,413.07579020126144,1013.3602051782756,0,normal
2025-08-18 16:39:57,5,27.525075959767427,65.61509613194504,405.9368253632817,1014.2824519888782,0,normal
2025-08-18 16:41:01,5,28.57378242321327,54.74937213810978,419.16894427371307,1015.8727386421315,0,normal
2025-08-18 16:41:55,5,28.557835501189185,66.73629710111632,404.95279625969,1010.6747664672667,0,normal
2025-08-18 16:43:02,5,27.78867564688809,58.0658586636657,427.60055963689604,1009.551053061969,0,normal
2025-08-18 16:43:57,5,27.80730789630181,62.19267717579061,420.82439752934505,1007.6593978937688,0,normal
2025-08-18 16:45:02,5,28.49310232179774,59.915990316121565,405.4244850053507,1008.6983578800841,0,normal
2025-08-18 16:46:02,5,26.795654345312972,59.38595557283729,416.90790922950134,1023.7963777012349,0,normal
2025-08-18 16:47:01,5,26.818942653159258,66.74748036213556,412.47843594409414,1016.9787183229472,0,normal
2025-08-18 16:47:55,5,27.49061270528287,61.85689639606432,423.1917451041918,1006.5957025351679,0,normal
2025-08-18 16:48:55,5,27.978244353328602,64.29451164519215,433.40450446023146,1006.7101681730257,0,normal
2025-08-18 16:49:57,5,28.48521905109332,63.10923826336244,401.2482753035425,1013.9274642468739,0,normal
2025-08-18 16:50:58,5,29.632274408405245,64.67612248166937,421.1502607914742,1014.1890591895119,0,normal
2025-08-18 16:52:01,5,28.997172570690267,63.47046567318076,418.3986720443336,1014.1955353412694,0,normal
2025-08-18 16:52:55,5,27.962158549106288,59.38602332743429,426.7134007645046,1010.9801768257852,0,normal
2025-08-18 16:54:04,5,28.0856557045832,66.21880045834142,422.1319662823769,1011.4981829599884,0,normal
2025-08-18 16:55:03,5,27.084709410092863,61.743730250516066,412.4803066826118,1013.3115180966374,0,normal
2025-08-18 16:55:59,5,28.051285857412612,58.55025430402075,416.8094606433338,1012.3435720251733,0,normal
2025-08-18 16:56:56,5,27.76369525769561,61.93065451710227,412.0397414319651,1003.1227985090098,0,normal
2025-08-18 16:57:58,5,28.357623373212657,67.71227937190292,430.760071385986,1011.0808014776992,0,normal
2025-08-18 16:58:58,5,27.190222127444425,65.75566522634048,420.2131164867194,1008.5943742629587,0,normal
2025-08-18 17:00:05,5,28.51934651424117,62.154043596776425,439.01190685753005,1012.700845675634,0,normal
2025-08-18 17:01:03,5,29.51528584200583,62.14722688704472,419.3933918618538,1023.9410360104137,0,normal
2025-08-18 17:02:01,5,27.85633503866858,62.225094846347844,412.9159323308954,1013.4699266618973,0,normal
2025-08-18 17:02:57,5,28.349357825483196,69.41524395068252,404.86285607387174,1010.7458812553105,0,normal
2025-08-18 17:04:04,5,28.620344998306113,64.32580635669467,401.96860323744056,1015.687206007909,0,normal
2025-08-18 17:04:59,5,27.511540753383493,64.46512494157321,404.1586405699451,1013.9307515488368,0,normal
2025-08-18 17:05:57,5,28.11942056932453,66.26085036209552,422.67126651011483,1013.6803779618074,0,normal
2025-08-18 17:06:56,5,27.89049532171208,63.88136747707954,425.0872502322993,1014.4274023728627,0,normal
2025-08-18 17:08:04,5,27.95816315106058,62.38287356253788,404.1880929796787,1020.2261742593182,0,normal
2025-08-18 17:08:58,5,27.07007202468884,62.56595045274507,428.9503831407612,1007.4764462586963,0,normal
2025-08-18 17:10:03,5,27.850198688763626,62.93519622175781,415.1693894831656,1013.8945283072458,0,normal
2025-08-18 17:11:01,5,28.306306786205,63.03333329047047,421.4679301198555,1008.2944754800739,0,normal
2025-08-18 17:12:02,5,29.242086681259735,65.32288863091094,436.12220628255426,1014.222050585369,0,normal
2025-08-18 17:13:03,5,28.732864398549392,63.290837657421896,428.9683931586553,1008.3252539540556,0,normal
2025-08-18 17:14:04,5,29.90944377070126,65.32792023164673,417.31469352094166,1010.3305327455797,0,normal
2025-08-18 17:14:55,5,26.97160005267185,62.88285025967426,411.0880777458471,1010.8196403430484,0,normal
2025-08-18 17:15:55,5,28.59397443480055,63.35590557094827,398.48184598670696,1015.9032668773789,0,normal
2025-08-18 17:16:57,5,27.88772318347913,57.12039794640368,412.8084668075758,1015.6738177757696,0,normal
2025-08-18 17:18:02,5,29.876934003137208,65.85898302410745,417.88869761172305,1007.0171304942145,0,normal
2025-08-18 17:18:59,5,26.861606502923497,64.14446542769399,410.1282047284882,1012.2197364439994,0,normal
2025-08-18 17:19:56,5,26.812981802485364,66.09403032957896,418.68743032907696,1009.1616805810033,0,normal
2025-08-18 17:21:04,5,27.036136303571684,54.40623386541893,420.76851882958766,1006.9659803572987,0,normal
2025-08-18 17:22:04,5,25.494486284937103,69.35512411434219,417.75144018191924,1011.1319317983025,0,normal
2025-08-18 17:23:04,5,27.075509109484845,62.66623111553448,413.4999741917654,1010.7660688461767,0,normal
2025-08-18 17:24:03,5,26.825043956810784,66.40454845021254,421.68654671966726,1021.7068659453821,0,normal
2025-08-18 17:24:58,5,27.7175145586,59.95528221862341,424.4194064956941,1013.7318393014427,0,normal
2025-08-18 17:26:00,5,27.891853867089427,64.9083217151877,409.09600922557155,1006.489529996983,0,normal
2025-08-18 17:27:03,5,29.409280111504078,59.90475331047903,434.1093237974627,1009.7409039833162,0,normal
2025-08-18 17:28:03,5,28.466580046986717,61.188693117912585,419.0141186771574,1016.0855331817176,0,normal
2025-08-18 17:29:04,5,26.922336336228714,68.79709406160036,420.1884962294485,1020.3537710914798,0,normal
2025-08-18 17:29:55,5,26.5839472384466,62.47795279770996,427.08214423256555,1005.6560667510481,0,normal
2025-08-18 17:30:56,5,27.95744241934999,63.69729861953917,422.33216131263504,1004.4803024594438,0,normal
2025-08-18 17:32:01,5,26.12849208134536,65.65020319206627,429.53136633913243,1019.4838607014872,0,normal
2025-08-18 17:32:55,5,29.26342807644651,64.52204566391781,422.8712416520182,1013.5584567094836,0,normal
2025-08-18 17:34:02,5,28.594696711275816,63.48125671543073,413.8756262535956,1008.5268290724945,0,normal
2025-08-18 17:35:02,5,26.929412748886747,64.11988300739868,423.61503525206103,1014.1385163444897,0,normal
2025-08-18 17:36:01,5,25.668831482159224,70.23024675571482,408.5627379267934,1001.4570090439325,0,normal
2025-08-18 17:36:55,5,28.719263061355228,62.84214360889925,421.08559705776526,1012.0135020263887,0,normal
2025-08-18 17:38:04,5,27.234323845833067,63.6132971401449,419.66770009355537,1013.3112846913723,0,normal
2025-08-18 17:38:57,5,28.57020259350592,66.15696318802283,417.9188314272746,1015.6970805581514,0,normal
2025-08-18 17:40:02,5,25.721532054554295,66.31657779887395,418.7146248856107,1007.9444161908299,0,normal
2025-08-18 17:40:56,5,26.700210214527292,66.55609091668114,401.18150954502363,1012.3427486456135,0,normal
2025-08-18 17:42:05,5,27.28850780062758,64.90619066608755,414.5127509225904,1008.2983014957616,0,normal
2025-08-18 17:42:59,5,27.31397814031615,59.55598526180855,420.92844901141115,1013.0215350226973,0,normal
2025-08-18 17:43:55,5,26.80072134168893,67.8802945969033,421.598563919974,1008.4186147105479,0,normal
2025-08-18 17:45:02,5,27.85748306761732,59.53596382094394,409.7232485907404,1010.3675966433591,0,normal
2025-08-18 17:45:58,5,26.15091731363886,63.877906395717105,432.657078408647,1008.016738420839,0,normal
2025-08-18 17:47:04,5,27.060122377128213,60.702172449941926,411.338251517855,1014.6045449672946,0,normal
2025-08-18 17:48:00,5,27.3068223455603,62.76758496022102,429.6945720052674,1015.4338044666266,0,normal
2025-08-18 17:48:58,5,27.685052348746268,63.94128723091045,424.2719436187169,1011.0615177201704,0,normal
2025-08-18 17:50:03,5,27.86637835460749,63.91407164635082,413.537726901562,1012.1529519798402,0,normal
2025-08-18 17:51:02,5,26.01433571454554,64.21076226270584,437.75310892609514,1006.2056343414658,0,normal
2025-08-18 17:51:58,5,25.589143535686222,67.78113380717593,408.0636316824352,1010.8012934079728,0,normal
2025-08-18 17:52:58,5,28.385281195678893,64.29560290454194,429.1915417361,1011.799181531833,0,normal
2025-08-18 17:54:05,5,27.424333012500497,62.19753009412805,430.0058231804298,1022.4831723641199,0,normal
2025-08-18 17:55:00,5,26.328016236973376,65.81726150486507,413.29379790923355,1007.5521318969033,0,normal
2025-08-18 17:55:58,5,28.61220884995074,66.48841146677393,433.9246530006433,1017.8567089550097,0,normal
2025-08-18 17:56:56,5,27.16135711377364,59.232176554589024,417.49953485401045,1015.9874350938633,0,normal
2025-08-18 17:57:59,5,28.209677943571155,64.70220020954957,422.88693629279857,1013.1225456179606,0,normal
2025-08-18 17:59:03,5,27.082671361203175,65.0085182269327,422.6032183877122,1019.0344819367805,0,normal
2025-08-18 18:00:00,5,29.060747924881987,62.007309489920026,418.65691258529455,1013.4884218904275,0,normal
2025-08-18 18:00:57,5,28.740264116521796,67.02212043993485,428.10808273159785,1013.5566367826717,0,normal
2025-08-18 18:02:04,5,26.720959701700817,62.43983323890242,427.9348872055221,1011.7875173879298,0,normal
2025-08-18 18:03:05,5,27.926573821522457,63.26172936041463,402.5146802676182,1016.8942755296745,0,normal
2025-08-18 18:03:55,5,27.585537421118737,62.36078452714839,433.0434024287815,1016.3858769352436,0,normal
2025-08-18 18:04:57,5,28.294032340838704,62.921737142744405,403.37508011964326,1009.4972908500151,0,normal
2025-08-18 18:05:59,5,25.945798469389842,59.58117473931439,430.32546204341656,1006.7230112216049,0,normal
2025-08-18 18:06:56,5,27.58217748937432,58.54484735221712,431.2670513682758,1011.1880774504174,0,normal
2025-08-18 18:07:56,5,27.940038679908096,67.64351518967491,409.090335697848,1008.7998457424094,0,normal
2025-08-18 18:09:00,5,25.10844803972722,60.31411595504501,415.8918571204542,1011.7459017015386,0,normal
2025-08-18 18:10:01,5,25.669588614632136,59.87582295163108,408.94295331514064,1016.9497525387366,0,normal
2025-08-18 18:10:58,5,24.799361910818018,56.38482965918885,417.85078969711265,1010.1707933796529,0,normal
2025-08-18 18:12:01,5,26.555022660970497,60.9231147569315,416.91965715814257,1011.8287064747537,0,normal
2025-08-18 18:13:01,5,27.527896682293278,58.8657306197775,427.7966053226934,1012.2320909392336,0,normal
2025-08-18 18:14:02,5,28.298727005791932,67.7560454804091,433.1030874611961,1015.3937235288212,0,normal
2025-08-18 18:15:04,5,26.85657192240233,65.8544512680279,433.95683810789956,1003.0124426640616,0,normal
2025-08-18 18:16:03,5,28.39729259491998,60.75554896446683,414.378319734217,1009.5731988209388,0,normal
2025-08-18 18:17:05,5,25.37486926850987,69.57230741603293,417.90778126255475,1012.8451347691179,0,normal
2025-08-18 18:18:01,5,25.03797677854517,65.75529646097479,403.1656180777905,1016.8003158257075,0,normal
2025-08-18 18:19:04,5,26.672295860547855,61.83050584947413,411.94129933503814,1010.0323902099752,0,normal
2025-08-18 18:19:56,5,27.098490229566227,55.30178285537928,429.6485163309746,1004.4937891758325,0,normal
2025-08-18 18:21:05,5,26.668409155245538,69.66782771777223,436.1558282354823,1014.4788457838646,0,normal
2025-08-18 18:22:00,5,24.62043984197911,58.62128259970921,407.6565112812008,1009.4585504446975,0,normal
2025-08-18 18:23:04,5,26.585639864055736,57.848803759129325,414.07535740847106,1007.2413333636385,0,normal
2025-08-18 18:24:00,5,25.35726928677743,65.84771129602892,419.7359424304107,1009.5026184411471,0,normal
2025-08-18 18:24:55,5,27.31849213359872,70.09425721901782,422.80161158819607,1011.2618985693766,0,normal
2025-08-18 18:25:57,5,27.00260152597185,66.92281845553156,411.9039648007835,1009.5810213418472,0,normal
2025-08-18 18:27:01,5,25.683411062285135,64.45672736015707,424.2406104446409,1003.1777357716037,0,normal
2025-08-18 18:28:05,5,26.096816341745313,64.54426302499586,415.2616065292908,1015.5882647875485,0,normal
2025-08-18 18:29:01,5,25.538967949511346,65.31524667634092,419.8554772912172,1017.0995001651149,0,normal
2025-08-18 18:29:57,5,26.523107340353732,65.0267857693603,425.462842480037,1014.606087965358,0,normal
2025-08-18 18:31:04,5,27.528641422192877,63.58857427190812,420.0642226981094,1007.4492573183007,0,normal
2025-08-18 18:32:01,5,25.575594352987157,63.05260331185563,415.63614109473434,1011.1940338642099,0,normal
2025-08-18 18:33:04,5,27.05329777349327,62.54722061630143,418.9039019607417,1011.9739147390821,0,normal
2025-08-18 18:33:56,5,26.007034978389218,60.468106233399965,419.11637040794665,1014.3951775582476,0,normal
2025-08-18 18:34:59,5,25.73257249411741,61.882974769399674,416.2998897011787,1014.6733619548723,0,normal
2025-08-18 18:35:55,5,26.406679989090655,57.64112955741384,417.412039373329,1009.063304804886,0,normal
2025-08-18 18:37:03,5,25.46684623600262,62.419981119615755,435.98647170504717,1012.3279822256543,0,normal
2025-08-18 18:38:05,5,25.936931534207275,59.74422667854725,425.6091944794124,1013.8291216184609,0,normal
2025-08-18 18:39:00,5,25.28131017621109,59.394232048352684,417.0451968197084,1017.823289288587,0,normal
2025-08-18 18:40:05,5,28.432636246678435,63.23968245346043,426.96954404510734,1014.8180261592989,0,normal
2025-08-18 18:40:56,5,26.49201438519629,66.8710068590338,416.6618051024399,1015.156226749502,0,normal
2025-08-18 18:41:55,5,25.74598256909347,65.44494981800693,431.7312463758664,1012.3353065117175,0,normal
2025-08-18 18:42:59,5,26.648763597029394,57.97349818913047,423.6964219219809,1017.641836580814,0,normal
2025-08-18 18:44:03,5,26.311650443095726,59.71111559028899,418.9269785599577,1013.639051183838,0,normal
2025-08-18 18:44:56,5,26.192323719884307,65.49731356396464,424.4771692581028,1008.5556483593057,0,normal
2025-08-18 18:46:05,5,27.016895679948842,59.722537819385074,404.291238479315,1017.6134798805008,0,normal
2025-08-18 18:46:55,5,27.149793988812874,61.99110055000893,408.73232531090196,1014.7916130901561,0,normal
2025-08-18 18:47:58,5,25.851464863639578,64.31015629707365,408.0607499360095,1010.227823915486,0,normal
2025-08-18 18:49:00,5,25.795950722642683,59.749966635409095,421.42943094763706,1010.082028130403,0,normal
2025-08-18 18:50:05,5,26.086644214270375,62.96612651843788,437.3251499948509,1013.1863021805631,0,normal
2025-08-18 18:51:03,5,24.049826458020384,58.64292351524539,442.3130014619263,1013.8527391810703,0,normal
2025-08-18 18:51:59,5,24.826733792691364,60.83589706814636,426.38051101440755,1012.7891690625248,0,normal
2025-08-18 18:53:00,5,27.699102623310186,63.594345802427604,425.00844474944455,1013.2452346937715,0,normal
2025-08-18 18:53:56,5,27.967626577610435,57.851018799405,401.9894226584726,1018.7998294983055,0,normal
2025-08-18 18:55:04,5,26.06418106881785,63.9464242138812,414.57326200265976,1016.2861726089395,0,normal
2025-08-18 18:56:05,5,26.880460770742914,62.561086603219955,412.1221624809176,1012.7625423650601,0,normal
2025-08-18 18:57:03,5,26.605969825835352,64.27246986325144,413.7915240174888,1015.76524232307,0,normal
2025-08-18 18:57:57,5,29.364546207051013,63.281742402193984,418.3185618141521,1007.8699043858899,0,normal
2025-08-18 18:59:02,5,27.396316590551525,66.69742128992154,415.2790942230287,1013.5917081997873,0,normal
2025-08-18 18:59:57,5,26.14003160095036,62.97567350794372,400.2070018962421,1019.2372253989324,0,normal
2025-08-18 19:00:59,5,25.303748167519775,61.30678337662424,427.47910256117535,1011.1278164184305,0,normal
2025-08-18 19:01:59,5,24.644314265463635,62.95689250909686,409.27256974260195,1008.6094642855237,0,normal
2025-08-18 19:03:04,5,26.445829410543293,64.21489408710916,422.3924686411115,1009.3916444456278,0,normal
2025-08-18 19:03:57,5,25.47775406899784,62.726580210977104,440.74082669749976,1007.6414678506304,0,normal
2025-08-18 19:04:56,5,24.803724624045884,62.69677507361165,410.80615408413576,1008.8609523674892,0,normal
2025-08-18 19:05:56,5,25.571414067380736,60.46402493657973,394.6971247725367,1010.5179676056399,0,normal
2025-08-18 19:07:05,5,25.128583273181558,60.57629724734715,417.1399577811989,1006.3777319232854,0,normal
2025-08-18 19:07:59,5,27.889553542474232,58.35218418460092,431.0095963499857,1012.0624733357984,0,normal
2025-08-18 19:09:00,5,27.076469188249728,67.80373022956083,439.5834745422059,1015.6091086951466,0,normal
2025-08-18 19:09:57,5,26.179411784610085,58.81841029382614,407.7045040554758,1008.3689752794123,0,normal
2025-08-18 19:10:56,5,27.66002159713694,60.46628440661228,424.9669922323652,1018.0771356945671,0,normal
2025-08-18 19:12:04,5,26.250277392362417,60.384778203292406,415.34689543219946,1014.0431683541104,0,normal
2025-08-18 19:13:01,5,25.304595649901486,65.21977313083332,418.9405164569586,1016.1223223424962,0,normal
2025-08-18 19:13:55,5,27.682114370364776,61.64515096512392,446.44343347017036,1009.3686617845915,0,normal
2025-08-18 19:14:59,5,26.691150978662087,66.26822621802121,404.9702967160485,1015.4181009082664,0,normal
2025-08-18 19:15:55,5,25.10838613653997,60.4995281272684,422.53739661494575,1007.6322643984188,0,normal
2025-08-18 19:17:03,5,25.948826185952342,63.3519824866714,424.6769317176543,1015.560990003346,0,normal
2025-08-18 19:18:05,5,25.25722089362084,60.003958840220726,430.85786324939346,1012.6873573591741,0,normal
2025-08-18 19:18:56,5,24.743855890538867,68.94044738332016,420.979831534709,1014.2130048799391,0,normal
2025-08-18 19:19:58,5,27.046792305959823,58.93720474291146,423.08050539504103,1007.2976215775006,0,normal
2025-08-18 19:20:57,5,28.024133658285773,63.424462130681086,416.0835143257821,1008.4197206308936,0,normal
2025-08-18 19:21:55,5,24.710395274982226,64.39133064279629,422.69126941245105,1014.3889128730135,0,normal
2025-08-18 19:23:01,5,26.666321926278172,63.72639729235449,416.5680772450259,1008.2066079831031,0,normal
2025-08-18 19:24:05,5,25.447244398287864,61.924137023366875,426.2157188985605,1013.8528251683965,0,normal
2025-08-18 19:25:00,5,25.60544071473885,62.08553790079973,416.3038966395637,1006.531448774159,0,normal
2025-08-18 19:25:59,5,25.49499656383506,62.601434415937334,423.77100393902185,1015.3926968506667,0,normal
2025-08-18 19:26:59,5,25.218369760583798,62.02399399511454,419.70737186315023,1007.069906740926,0,normal
2025-08-18 19:28:01,5,26.125998236068188,65.35163735038472,431.2605025077217,1014.2091997507181,0,normal
2025-08-18 19:28:56,5,25.241788977171716,69.08656900477405,419.48606276411516,1014.502523734584,0,normal
2025-08-18 19:30:03,5,26.338605173201703,60.7775246449765,402.26967531793116,1009.2129127262817,0,normal
2025-08-18 19:31:05,5,26.013466609794648,58.33559106126277,432.6192150071399,1014.328106268339,0,normal
2025-08-18 19:32:02,5,25.8204605005816,62.17515385494623,410.9426769913738,1013.0417690533342,0,normal
2025-08-18 19:32:58,5,25.14769649716305,70.17412801296295,413.4623366135118,1009.8446325752291,0,normal
2025-08-18 19:34:00,5,25.474488539861195,60.018976296090806,414.0433870595651,1007.9657812636951,0,normal
2025-08-18 19:34:55,5,26.802799211585892,67.3423504163322,433.7443809317082,1004.1494972333097,0,normal
2025-08-18 19:35:57,5,26.54462198615677,67.45310244222932,398.64325786021305,1013.3986001891988,0,normal
2025-08-18 19:37:05,5,25.06259534595979,60.75423527487602,451.37748533659993,1005.7407889145518,0,normal
2025-08-18 19:38:01,5,26.136077938533898,64.11694923755583,430.5605680906605,1012.3813767977653,0,normal
2025-08-18 19:39:04,5,26.78487730824388,67.29018986938561,422.2323891412916,1010.946207135671,0,normal
2025-08-18 19:40:03,5,24.360979212854215,61.262616777037536,419.45105999383713,1014.7165711017528,0,normal
2025-08-18 19:40:55,5,26.570788989305473,61.784258919692924,422.8555407485766,1010.7918180020406,0,normal
2025-08-18 19:41:57,5,25.361999559863875,60.64495725815407,425.2112242837934,1010.6822088546116,0,normal
2025-08-18 19:43:02,5,26.592566941869325,59.3407298079214,426.4521558595006,1014.9274828171532,0,normal
2025-08-18 19:44:04,5,25.25620470597434,60.432167364801984,425.5560446600345,1013.3402321163364,0,normal
2025-08-18 19:45:04,5,24.21222817658786,58.70317919971323,420.8958068125525,1013.2646238287311,0,normal
2025-08-18 19:46:04,5,24.38736525883419,62.472250404777675,418.02661579692676,1013.8770703592342,0,normal
2025-08-18 19:46:56,5,26.06094123530821,60.055080306824074,418.4872671634649,1005.8577115071715,0,normal
2025-08-18 19:47:56,5,26.270678710984935,63.06135773537224,418.05091719647316,1015.0271547199479,0,normal
2025-08-18 19:48:55,5,25.104890978161237,57.68731306138911,431.3377009686707,1014.4498751760544,0,normal
2025-08-18 19:50:02,5,26.646203062593884,63.34264069664338,425.93556722280863,1007.933267485694,0,normal
2025-08-18 19:51:01,5,24.344645270264785,64.84558688482677,390.5961136533572,1011.0236781053032,0,normal
2025-08-18 19:51:57,5,25.938792100833037,56.358793072285636,426.5590077652976,1011.8427708494895,0,normal
2025-08-18 19:53:02,5,24.792714203393807,63.45716970954272,421.94736194718774,1011.4620128623931,0,normal
2025-08-18 19:54:04,5,25.350904822688694,66.01300697741988,419.812912435541,1013.3354398662741,0,normal
2025-08-18 19:54:59,5,26.0493022281527,58.696076943926386,416.11481546911114,1017.7254671273247,0,normal
2025-08-18 19:55:56,5,25.140804980677856,67.33771716051311,431.24112719986016,1016.3270669106913,0,normal
2025-08-18 19:56:56,5,25.61612980581906,63.57205702809813,429.4752646212286,1006.7511232262743,0,normal
2025-08-18 19:58:03,5,27.006597418901656,60.194964432724774,412.2712233217639,1014.4882799612242,0,normal
2025-08-18 19:58:58,5,25.42318428434851,62.137692767026884,424.0705228712454,1017.3157332781417,0,normal
2025-08-18 20:00:04,5,26.835692112065143,63.97498073756516,410.28343265458716,1013.5472340827569,0,normal
2025-08-18 20:01:03,5,24.870369299214037,62.52301617423724,406.2038183521107,1016.3639217007438,0,normal
2025-08-18 20:02:01,5,26.530108787602497,63.906267977339105,413.73282775410036,1020.0490817828031,0,normal
2025-08-18 20:03:01,5,27.442253970706787,59.5229792207619,428.6239347238276,1016.0948381844279,0,normal
2025-08-18 20:04:01,5,23.52957384583452,62.78808247210823,429.5312504537609,1012.997234382567,0,normal
2025-08-18 20:04:58,5,25.205008301365808,58.03385650928506,425.1308542009729,1016.180353896339,0,normal
2025-08-18 20:06:02,5,26.57981305767139,61.936321815953896,427.25095786848,1012.5795513323876,0,normal
2025-08-18 20:07:04,5,25.80068501711327,59.553277075605635,425.16178287114957,1012.0956121731398,0,normal
2025-08-18 20:07:56,5,26.37601777285166,60.0534101722307,413.5851840477705,1010.5943430571451,0,normal
2025-08-18 20:08:55,5,25.402180145817923,65.96327952563131,424.3192254467394,1018.2536534353285,0,normal
2025-08-18 20:09:55,5,26.09420039128941,65.5239303617828,428.00409525227684,1008.726285336232,0,normal
2025-08-18 20:11:05,5,25.853530367873564,64.07241436272153,427.5429132981358,1018.1294708987125,0,normal
2025-08-18 20:12:02,5,27.17873827092326,58.96306170598226,431.88913371474644,1013.9994564949615,0,normal
2025-08-18 20:12:57,5,26.267277131948035,61.2857746509156,427.0830384720106,1006.4027753007922,0,normal
2025-08-18 20:14:00,5,26.352510358792557,65.86929309993755,423.51448207541586,1013.4705971719657,0,normal
2025-08-18 20:15:04,5,25.60523331112991,62.65015074091972,430.70150238316427,1003.5998939693935,0,normal
2025-08-18 20:15:59,5,25.531857638444365,69.17798861994508,419.7347874075094,1014.5020320673242,0,normal
2025-08-18 20:16:58,5,25.589410085456546,63.394953518183115,411.1812534877228,1015.5409259319559,0,normal
2025-08-18 20:17:59,5,26.41907546118802,62.78614734947009,418.36933036056234,1009.6305761773917,0,normal
2025-08-18 20:19:04,5,25.606444316105275,61.27765060739249,412.5509735519355,1012.4941907838223,0,normal
2025-08-18 20:20:02,5,26.320159350871997,62.600622714346855,413.2482172502562,1019.8166297350011,0,normal
2025-08-18 20:20:56,5,28.10889098351753,61.73759049085837,418.5548132928448,1009.9770131829523,0,normal
2025-08-18 20:22:03,5,26.907870336536366,64.31432603006577,412.0758007900004,1007.7643696517736,0,normal
2025-08-18 20:22:56,5,25.7141270585905,65.05510695038376,416.9203847036096,1017.9266536098504,0,normal
2025-08-18 20:23:59,5,27.244918720696333,59.82203161847615,401.06385333046217,1019.8503487621232,0,normal
2025-08-18 20:25:02,5,25.639332612738585,58.18130113932666,422.1329370737294,1012.0147826873914,0,normal
2025-08-18 20:26:05,5,24.013135335251675,56.66138388069011,420.01205475362224,1016.0458521416334,0,normal
2025-08-18 20:26:58,5,25.047173848287244,63.688973980737636,411.8291136893181,1017.3659036621235,0,normal
2025-08-18 20:28:01,5,24.188616626422153,58.849900181478375,426.5924566843241,1009.0300630698465,0,normal
2025-08-18 20:29:00,5,25.712191235202475,55.69632822114255,429.37570137626557,1010.0587766585285,0,normal
2025-08-18 20:30:05,5,26.086566726611416,63.31573581359289,403.9244013563103,1016.9234980526189,0,normal
2025-08-18 20:30:57,5,27.749176405858037,69.62399855229837,412.3727522143379,1018.740057114834,0,normal
2025-08-18 20:31:59,5,26.404403981887526,62.12178726538032,412.30857650212704,1014.2515234406974,0,normal
2025-08-18 20:33:05,5,25.86326000145475,64.65047232335493,410.60096898891135,1008.4807425859918,0,normal
2025-08-18 20:34:02,5,26.91679606925742,62.3754880756427,428.2947484193175,1019.9482444467977,0,normal
2025-08-18 20:35:00,5,23.88143078949566,61.828331040426576,418.06173861227194,1009.8761164087522,0,normal
2025-08-18 20:36:02,5,26.33350152551826,64.8772294489633,417.3548515868939,1010.6594488753142,0,normal
2025-08-18 20:37:05,5,26.874217883474568,61.244176367434044,399.9613763559325,1013.3693513379585,0,normal
2025-08-18 20:37:59,5,24.630376603021524,62.91217694221571,426.3541803020923,1018.2166416828591,0,normal
2025-08-18 20:39:01,5,27.258471061022572,63.07009341858804,407.6074160514653,1015.4159039062089,0,normal
2025-08-18 20:40:01,5,26.459111165922597,60.095728639070856,420.59932630266326,1013.6594620014477,0,normal
2025-08-18 20:40:56,5,25.711367707602403,65.07112704860957,422.7737693795819,1013.8531541204725,0,normal
2025-08-18 20:41:55,5,26.765621013111883,61.56512072991377,433.6065859583865,1012.1740586745739,0,normal
2025-08-18 20:43:02,5,28.409857721840346,59.81776452152147,406.9117960088089,1014.232558058074,0,normal
2025-08-18 20:43:56,5,26.327498545924918,63.68952953071121,389.80487844179174,1001.8817596892228,0,normal
2025-08-18 20:44:55,5,26.400461521277762,59.37959605462689,421.83849544753696,1010.8135701637208,0,normal
2025-08-18 20:45:59,5,25.699629393554876,62.154543472107385,438.00511181510853,1012.9652877396671,0,normal
2025-08-18 20:47:04,5,25.316035481764963,62.037643010067384,432.3894635293944,1007.3959436655219,0,normal
2025-08-18 20:48:02,5,27.003244901259045,65.31768669749474,422.09659415274626,1013.5452932712462,0,normal
2025-08-18 20:49:05,5,25.323993632338045,63.47909469863986,415.08363814367954,1011.1821151160556,0,normal
2025-08-18 20:50:04,5,26.258950663146095,61.974919123764565,428.0712259663731,1019.0219027932619,0,normal
2025-08-18 20:50:57,5,25.71717198453516,64.49829889760086,410.2645380029553,1018.2920789008595,0,normal
2025-08-18 20:52:00,5,26.681391733148057,66.21062264705195,424.7635776935622,1010.1367777235273,0,normal
2025-08-18 20:53:05,5,26.543793382082896,63.70843091905559,425.0547015916663,1011.3966491537332,0,normal
2025-08-18 20:53:56,5,27.255526895881165,62.06105785953014,430.6020990749888,1011.7042097375664,0,normal
2025-08-18 20:55:05,5,25.715961934788808,58.08949130294952,447.5966003891108,1010.1933620953615,0,normal
2025-08-18 20:55:56,5,25.964229878988775,58.824659010773885,423.92415967178766,1012.7800999361125,0,normal
2025-08-18 20:56:55,5,25.26360205889376,61.099325886936,414.910363742925,1008.9668717244497,0,normal
2025-08-18 20:57:58,5,25.806467325645094,60.18146339352215,419.7442568780801,1007.4775386602499,0,normal
2025-08-18 20:58:56,5,26.636589101165054,61.444086091043665,402.3092409511088,1014.4908448956011,0,normal
2025-08-18 21:00:04,5,27.024937809076473,62.16994977469132,413.0528686891094,1014.5181183368873,0,normal
2025-08-18 21:00:58,5,25.354576354939322,63.58407826307019,415.90717561886896,1008.78273696136,0,normal
2025-08-18 21:02:02,5,27.155271318701434,61.77850366582273,414.75911602065406,1015.5814217230504,0,normal
2025-08-18 21:03:00,5,27.650357530096766,63.444504931478605,421.5235487203372,1009.4736890833386,0,normal
2025-08-18 21:03:59,5,26.71733871091085,62.17342324443036,411.775800676178,1013.0126609521519,0,normal
2025-08-18 21:05:00,5,28.190012920932293,56.04860030093839,431.2103066732447,1015.2813760504498,0,normal
2025-08-18 21:05:57,5,25.54886966500558,59.15199381854374,420.002070649182,1011.8655497411852,0,normal
2025-08-18 21:06:57,5,25.087573652554244,61.532737332835154,419.90699678861375,1013.8189636485646,0,normal
2025-08-18 21:08:04,5,24.56320460598564,58.330915771476676,416.7210528348708,1009.9342814244498,0,normal
2025-08-18 21:08:59,5,27.84779193424515,63.75478618998861,421.5519068385898,1011.2141336662876,0,normal
2025-08-18 21:09:56,5,27.016061567776077,66.5422524970311,428.25098264667633,1011.1765622764786,0,normal
2025-08-18 21:11:03,5,26.316184292376906,65.60128555509195,411.328697842891,1009.013686613839,0,normal
2025-08-18 21:12:02,5,26.661934637569924,61.29967138720937,413.4188351092474,1011.2929033475368,0,normal
2025-08-18 21:13:04,5,25.266797231467187,66.40717841054986,416.9627397122334,1005.805526804545,0,normal
2025-08-18 21:14:03,5,28.84848095952224,62.37600237160634,406.54129076526783,1010.0353850114316,0,normal
2025-08-18 21:15:01,5,26.54251450139276,60.913742086645875,411.807421402785,1010.8604980265213,0,normal
2025-08-18 21:15:56,5,26.53337328739145,60.07979200937718,415.23779126455344,1010.9752809900185,0,normal
2025-08-18 21:17:03,5,27.160550310193866,61.007590940535614,428.7438918071273,1011.0340102165169,0,normal
2025-08-18 21:18:01,5,26.926717308822774,60.74546954437632,422.62561329001926,1011.7529432005595,0,normal
2025-08-18 21:18:59,5,26.68063485750369,62.41624866712647,421.9358991136754,1013.9177660723443,0,normal
2025-08-18 21:19:56,5,25.67743665831673,62.38172194314959,428.5089796216797,1015.49806829653,0,normal
2025-08-18 21:20:57,5,26.950656425935936,61.90413806046025,418.62628211600605,1009.4009390926069,0,normal
2025-08-18 21:21:57,5,28.372605336029487,63.20081450923905,423.9046484992889,1007.1871965784434,0,normal
2025-08-18 21:23:05,5,27.847508604576973,65.45693882435903,418.96778247067505,1007.8318223510275,0,normal
2025-08-18 21:24:01,5,28.10689697568461,64.72866240632396,422.6536234939963,1010.0511883152203,0,normal
2025-08-18 21:25:00,5,26.014229649948568,57.420306094650286,414.17241342388417,1010.592314728734,0,normal
2025-08-18 21:25:55,5,25.54768777650308,54.20823659529413,395.6118284172357,1008.9200157352102,0,normal
2025-08-18 21:26:56,5,26.423464337875775,64.66795973371782,418.65720837813694,1006.8155333430004,0,normal
2025-08-18 21:28:00,5,26.617045311611392,57.759363904753734,434.2274813609994,1010.1755166901032,0,normal
2025-08-18 21:28:59,5,27.667690620162585,61.18070379432195,429.2621540224159,1012.7257064804559,0,normal
2025-08-18 21:29:58,5,24.893321807912084,58.339660921821924,429.6539748459117,1014.3801178633422,0,normal
2025-08-18 21:31:02,5,28.127731790860913,56.43905868725994,432.36130721806217,1009.7703077875667,0,normal
2025-08-18 21:31:59,5,26.452675360503015,63.464388184614364,420.88657590961435,1010.3480087114262,0,normal
2025-08-18 21:33:00,5,26.19640977866507,64.11246548090793,421.97315707405596,1008.2932067646108,0,normal
2025-08-18 21:34:04,5,25.623898904614833,60.10046879781984,413.8234810456565,1011.8742433185009,0,normal
2025-08-18 21:35:00,5,24.99396291290291,54.05187312356527,416.8392714397295,1008.6062854632368,0,normal
2025-08-18 21:36:03,5,27.4849093712442,60.18126665524255,426.15771149771143,1014.2925112529648,0,normal
2025-08-18 21:37:05,5,26.74807787075693,62.99041201620764,432.0388443716882,1004.8565340322635,0,normal
2025-08-18 21:37:58,5,25.397921042277932,57.37326529367762,418.60553724319,1010.5614813101902,0,normal
2025-08-18 21:39:04,5,25.406025131276017,62.355079759337464,415.4981073514859,1013.2044293567669,0,normal
2025-08-18 21:40:00,5,26.378640081336794,61.75407045248102,420.005279588566,1012.73533806529,0,normal
2025-08-18 21:40:59,5,28.396865084733864,63.53287449880327,426.01206748929116,1022.772134655922,0,normal
2025-08-18 21:41:55,5,26.48176786653672,62.14874110524246,405.5614518386646,1013.3992000982716,0,normal
2025-08-18 21:42:57,5,25.251827773606653,58.86579317735533,397.0381904686276,1007.983781612632,0,normal
2025-08-18 21:43:58,5,26.52293398526274,65.36971450499348,414.49463150508416,1011.6181430116437,0,normal
2025-08-18 21:44:58,5,26.50975357223489,61.299411280919095,407.7928757408584,1004.8950146661342,0,normal
2025-08-18 21:46:02,5,24.099483310754334,61.68808638147021,414.9185980235269,1011.6776010028129,0,normal
2025-08-18 21:47:01,5,26.75605955997951,58.96519612278041,418.52219681182527,1008.667775771997,0,normal
2025-08-18 21:48:01,5,26.593494965206375,60.43015324642547,415.4675159097699,1015.6615611022406,0,normal
2025-08-18 21:49:03,5,27.534800453391536,59.1005918579193,434.5246753447075,1009.8018389016179,0,normal
2025-08-18 21:50:04,5,28.70180322224325,61.23116182022973,423.2674476460232,1011.532936336819,0,normal
2025-08-18 21:50:58,5,27.99375255569809,66.88012544042704,423.00474359610826,1009.4577686343824,0,normal
2025-08-18 21:52:04,5,26.612725502503675,57.62429657120593,426.22207144043404,1018.9554054074133,0,normal
2025-08-18 21:53:01,5,25.789600120634216,56.894315806369775,408.6116688221923,1010.7150289355284,0,normal
2025-08-18 21:53:57,5,29.484081733219806,66.14351098248083,430.3911178742027,1019.3302281739168,0,normal
2025-08-18 21:54:57,5,26.98461921732084,61.0970289685444,419.2423571346454,1015.256607048473,0,normal
2025-08-18 21:55:56,5,26.954090763446533,59.71278178402025,426.70480617241213,1013.9282669093416,0,normal
2025-08-18 21:57:04,5,26.930877783458097,64.83471406218823,409.28142766959843,1013.4749325892701,0,normal
2025-08-18 21:58:04,5,27.168008610947748,59.89315338078941,404.4624123398394,1013.575189192865,0,normal
2025-08-18 21:58:58,5,26.84056286215465,67.18302914064081,428.1788965802503,1004.2893096826176,0,normal
2025-08-18 21:59:58,5,26.426337993119763,63.73377761401781,423.7640952609752,1010.8844664233969,0,normal
2025-08-18 22:00:59,5,26.468293938552673,60.23126577556289,410.97948445642487,1015.3806318847373,0,normal
2025-08-18 22:02:00,5,26.99762748929133,68.16192463979651,411.30336918725305,1011.8044112661036,0,normal
2025-08-18 22:03:01,5,26.502257708347017,59.86785523098999,431.2543478441477,1006.3792406127857,0,normal
2025-08-18 22:04:01,5,26.348211091751054,63.90628611602792,408.10588107132673,1011.7903821976902,0,normal
2025-08-18 22:04:58,5,27.182933001221826,62.57287774121947,436.42672953255965,1018.8164220650219,0,normal
2025-08-18 22:06:03,5,26.83704178310005,65.5752238681964,410.9937926535213,1016.9875668621389,0,normal
2025-08-18 22:07:02,5,28.611597362363067,66.34953359018057,426.38391925608386,1011.7519839625359,0,normal
2025-08-18 22:07:58,5,24.472287898028835,61.75601244719729,416.7138152425102,1015.8057971082324,0,normal
2025-08-18 22:09:03,5,28.23048465830587,59.39474638896145,426.0318743108234,1010.5339719185278,0,normal
2025-08-18 22:09:57,5,28.400848669016227,63.02991642881735,414.5588599788581,1005.1845136526931,0,normal
2025-08-18 22:10:56,5,25.09722328227937,59.61185389074368,418.3720709392771,1008.3021360474818,0,normal
2025-08-18 22:12:01,5,26.84383911976805,67.68016174257987,420.4091917539572,1018.2515550740328,0,normal
2025-08-18 22:13:02,5,26.831060996153717,62.044605993248204,409.9781254421853,1010.9040276726828,0,normal
2025-08-18 22:13:56,5,25.811026048303628,60.534035346063675,427.4082434542013,1011.0264640825,0,normal
2025-08-18 22:15:03,5,26.456816447678946,62.17904091759472,414.86786433528414,1010.8006472149004,0,normal
2025-08-18 22:16:04,5,26.140210967702348,57.578621131410905,417.7140008465998,1019.616546358292,0,normal
2025-08-18 22:17:03,5,29.019267989975027,58.70015788446805,410.0565062539149,1018.5038356614483,0,normal
2025-08-18 22:17:59,5,28.21894249405686,65.21124172383328,394.3766634120469,1020.8751209337926,0,normal
2025-08-18 22:19:05,5,28.571140332475224,59.63431716308581,418.0897223739983,1011.3638191583998,0,normal
2025-08-18 22:19:56,5,28.037631777391898,58.459267051954185,444.1261542161292,1013.1824979549884,0,normal
2025-08-18 22:21:04,5,26.20333451031523,63.20495825758185,427.84604287898026,1005.9334298023168,0,normal
2025-08-18 22:22:03,5,26.824343424805914,65.14711246398899,419.80739620265604,1017.9077377044731,0,normal
2025-08-18 22:22:55,5,27.854765248417735,63.7418599319952,417.37109170791734,1007.3288817949283,0,normal
2025-08-18 22:24:01,5,26.15983820235816,64.56814305741744,420.22465892812045,1012.8671022550506,0,normal
2025-08-18 22:25:05,5,28.11158683116384,59.30461473429162,425.4711911517521,1007.6107898894686,0,normal
2025-08-18 22:26:01,5,27.174931192396393,57.30456799977447,408.19187184691157,1009.6445326930452,0,normal
2025-08-18 22:26:55,5,27.05714850304256,66.06900095586646,431.1432169466887,1008.6509502758012,0,normal
2025-08-18 22:28:01,5,28.159685256569492,60.5919604834736,427.15381315441243,1009.5684989572967,0,normal
2025-08-18 22:29:01,5,27.909786559329525,60.80250095063486,427.18185725707934,1009.843509187404,0,normal
2025-08-18 22:29:56,5,27.12139574397588,65.53458242554717,424.3847573880973,1009.8069248202997,0,normal
2025-08-18 22:30:55,5,28.658569795255364,63.21369002820198,420.1961665769399,1015.3333356471212,0,normal
2025-08-18 22:31:56,5,26.435092881200767,62.90766331624483,426.7286123596682,1007.5805488277499,0,normal
2025-08-18 22:32:58,5,28.14904487923245,68.03000703470325,425.9181413374138,1012.8821657080555,0,normal
2025-08-18 22:33:59,5,28.143199149280655,59.59944530885957,416.45959289058976,1016.8718366092222,0,normal
2025-08-18 22:34:56,5,27.257574332809803,64.30852038424372,414.263982271031,1009.9472145419464,0,normal
2025-08-18 22:35:58,5,27.9103096406066,61.69103937469125,421.01856295261985,1009.1283244370096,0,normal
2025-08-18 22:37:05,5,26.350150554780303,62.32077683658977,435.4902015149519,1011.077901499279,0,normal
2025-08-18 22:37:59,5,28.54240902845381,66.0954052792376,407.608929243461,1016.7189008334428,0,normal
2025-08-18 22:39:05,5,27.450626812572715,63.02850726886887,405.3247473424756,1012.7764305238135,0,normal
2025-08-18 22:40:05,5,27.129980624147098,63.114888237148904,421.6476084123652,1009.8751428215696,0,normal
2025-08-18 22:41:01,5,28.718914014115537,64.71252201192941,420.50887701856016,1013.9355066047522,0,normal
2025-08-18 22:42:01,5,26.982787379376777,60.395141811371346,421.73341664370406,1007.5908314006543,0,normal
2025-08-18 22:43:05,5,26.29591988137722,58.96737099798298,422.439531979085,1014.7254380417718,0,normal
2025-08-18 22:43:59,5,26.165024624555965,58.3455724179369,417.76797745365195,1013.6344292308071,0,normal
2025-08-18 22:45:04,5,28.34495756690554,55.57593023187199,434.89863438602083,1010.7687661154445,0,normal
2025-08-18 22:45:59,5,26.47583196069342,67.63862138982097,403.99096021523485,1008.645656806211,0,normal
2025-08-18 22:46:59,5,29.528387754448552,58.15537490283495,411.71502975219755,1008.4532763108662,0,normal
2025-08-18 22:47:57,5,25.709013665580972,60.796239129242686,418.9674523985095,1014.1392693453837,0,normal
2025-08-18 22:49:00,5,29.50476486324959,60.62456010033324,403.5681118884583,1016.9159220099563,0,normal
2025-08-18 22:49:58,5,28.036705981707303,62.3722200934273,418.24145595567927,1009.4507690118849,0,normal
2025-08-18 22:51:03,5,27.746368696673915,63.89221163761788,436.6147016572802,1013.833546814206,0,normal
2025-08-18 22:51:59,5,27.3155679657028,64.02142046507923,420.20886488295963,1003.6518919255917,0,normal
2025-08-18 22:52:55,5,28.277039035282357,59.68576768429319,422.30700905718686,1009.6615290773713,0,normal
2025-08-18 22:54:01,5,27.857693385089263,60.92863485864077,407.3983523482742,1011.8757642685164,0,normal
2025-08-18 22:54:59,5,29.01606310728585,62.27273985146489,413.8363859196052,1008.3612663320727,0,normal
2025-08-18 22:55:59,5,28.04442865525704,60.673926621449354,416.2480361967606,1008.2539745008417,0,normal
2025-08-18 22:56:58,5,28.09794786484613,66.23703672805998,416.82284903243766,1009.3288817741245,0,normal
2025-08-18 22:58:05,5,27.601482974911576,62.88292485491475,432.8164379500377,1013.1687709133055,0,normal
2025-08-18 22:59:01,5,27.925601305282186,63.60963335814945,425.57691060725125,1011.2506839263744,0,normal
